,0
Avg Bwd Segment Size,0.10709974919472029
Max Packet Length,0.08067765709938166
Bwd Packet Length Max,0.07968859633576837
Packet Length Std,0.07627009141365645
Bwd Packet Length Std,0.06802134738668157
Packet Length Variance,0.059811023091428724
Average Packet Size,0.05040795070860611
Bwd Packet Length Mean,0.04596583949381715
Flow IAT Mean,0.033821156641250204
Total Length of Bwd Packets,0.029476368845654622
Packet Length Mean,0.029343766867143576
Fwd IAT Mean,0.024417006067790493
Destination Port,0.022507466021581598
Idle Mean,0.020002557082001177
Subflow Bwd Bytes,0.019473769459550358
Flow Packets/s,0.01873799155355385
Flow IAT Max,0.018564286150447834
Flow IAT Std,0.017653231445626156
Fwd IAT Std,0.014622313277051806
Idle Min,0.013015239114281615
Fwd IAT Max,0.012215262860980599
Init_Win_bytes_forward,0.010971105217363249
Fwd Header Length,0.010557901254477645
Fwd Header Length.1,0.010392430099686911
Init_Win_bytes_backward,0.010046201864064153
Bwd Packets/s,0.009120506076561742
Fwd IAT Total,0.00884250243679318
Total Fwd Packets,0.008297165533648775
FIN Flag Count,0.008107692728209015
Subflow Fwd Bytes,0.005276502334353235
Bwd Header Length,0.004878330087198167
Flow Duration,0.004263513357807126
Fwd Packet Length Max,0.004041435027744343
Subflow Fwd Packets,0.003894123738398413
Fwd IAT Min,0.0036399678145128396
Subflow Bwd Packets,0.0035652695461623014
Total Length of Fwd Packets,0.003252475324283203
Avg Fwd Segment Size,0.003191417556912408
Total Backward Packets,0.003188293570391961
Flow IAT Min,0.0031627503871679867
Flow Bytes/s,0.003104312877490556
Fwd Packets/s,0.003006189818958309
Min Packet Length,0.002851531646792129
Active Mean,0.0027070701668486293
Fwd Packet Length Mean,0.002631545450119628
act_data_pkt_fwd,0.002627998193379629
Fwd Packet Length Std,0.002201844310399259
Fwd Packet Length Min,0.0021413285287882554
Bwd Packet Length Min,0.0019678160117891654
Bwd IAT Min,0.00184074845105
Idle Max,0.001818966399603281
Bwd IAT Mean,0.001800612153220344
Bwd IAT Max,0.0015805702979588894
Bwd IAT Std,0.0012318978094304901
min_seg_size_forward,0.001170928080233612
URG Flag Count,0.0011681863067012801
Active Max,0.0011425058455303164
Active Std,0.0009533413907083974
PSH Flag Count,0.0008230508222199577
Down/Up Ratio,0.0007606739666335567
Active Min,0.0006803615061204213
ACK Flag Count,0.00048678046689493425
Bwd IAT Total,0.00045454703468778186
Idle Std,0.0001365680405822677
Fwd PSH Flags,0.00012664246536676164
SYN Flag Count,0.00010109033309286978
ECE Flag Count,5.430740522545098e-07
RST Flag Count,9.448463599018153e-08
Fwd URG Flags,0.0
Bwd URG Flags,0.0
Bwd PSH Flags,0.0
Bwd Avg Bulk Rate,0.0
Bwd Avg Bytes/Bulk,0.0
Bwd Avg Packets/Bulk,0.0
Fwd Avg Packets/Bulk,0.0
Fwd Avg Bytes/Bulk,0.0
CWE Flag Count,0.0
Fwd Avg Bulk Rate,0.0
